<application>
  <component name="CodeInsightSettings">
    <option name="PARAMETER_INFO_DELAY" value="200" />
    <option name="AUTO_POPUP_JAVADOC_INFO" value="true" />
    <option name="JAVADOC_INFO_DELAY" value="200" />
    <option name="COMPLETION_CASE_SENSITIVE" value="2" />
    <option name="OPTIMIZE_IMPORTS_ON_THE_FLY" value="true" />
    <EXCLUDED_PACKAGE NAME="kotlinx.android.synthetic.main" />
    <EXCLUDED_PACKAGE NAME="kotlinx.android.synthetic.main" />
  </component>
  <component name="DaemonCodeAnalyzerSettings" profile="GitHub__Ycw__IdeaSetting_Inspections" />
</application>