<toolSet name="External Tools">
  <tool name="Typora编辑" description="使用Typora打开md文件编辑。" showInMainMenu="false" showInEditor="false" showInProject="false" showInSearchPopup="false" disabled="false" useConsole="false" showConsoleOnStdOut="false" showConsoleOnStdErr="false" synchronizeAfterRun="true">
    <exec>
      <option name="COMMAND" value="D:\Program_Files\Typora\Typora.exe" />
      <option name="PARAMETERS" value="&quot;$FilePath$&quot;" />
      <option name="WORKING_DIRECTORY" value="$FileDir$" />
    </exec>
  </tool>
  <tool name="VSCode编辑文件" description="使用VSCode打开md文件编辑。" showInMainMenu="false" showInEditor="false" showInProject="false" showInSearchPopup="false" disabled="false" useConsole="false" showConsoleOnStdOut="false" showConsoleOnStdErr="false" synchronizeAfterRun="true">
    <exec>
      <option name="COMMAND" value="D:\Program_Files\Microsoft_VS_Code\Code.exe" />
      <option name="PARAMETERS" value="&quot;$FilePath$&quot;" />
      <option name="WORKING_DIRECTORY" value="$FileDir$" />
    </exec>
  </tool>
  <tool name="VSCode打开目录" description="使用VSCode打开md文件编辑。" showInMainMenu="false" showInEditor="false" showInProject="false" showInSearchPopup="false" disabled="false" useConsole="false" showConsoleOnStdOut="false" showConsoleOnStdErr="false" synchronizeAfterRun="true">
    <exec>
      <option name="COMMAND" value="D:\Program_Files\Microsoft_VS_Code\Code.exe" />
      <option name="PARAMETERS" value="&quot;$FileDir$&quot; &quot;$FilePath$&quot;" />
      <option name="WORKING_DIRECTORY" value="$FileDir$" />
    </exec>
  </tool>
</toolSet>