<application>
  <component name="CodeInsightSettings">
    <option name="SHOW_PARAMETER_NAME_HINTS_ON_COMPLETION" value="true" />
    <option name="PARAMETER_INFO_DELAY" value="200" />
    <option name="AUTO_POPUP_JAVADOC_INFO" value="true" />
    <option name="JAVADOC_INFO_DELAY" value="200" />
    <option name="COMPLETION_CASE_SENSITIVE" value="2" />
    <option name="SHOW_FULL_SIGNATURES_IN_PARAMETER_INFO" value="true" />
    <option name="OPTIMIZE_IMPORTS_ON_THE_FLY" value="true" />
    <EXCLUDED_PACKAGE NAME="kotlinx.android.synthetic.main" />
    <EXCLUDED_PACKAGE NAME="kotlinx.android.synthetic.main" />
  </component>
  <component name="DaemonCodeAnalyzerSettings" profile="GitHub__Ycw__IdeaSetting_Inspections" />
  <component name="EditorSettings">
    <option name="USE_SOFT_WRAPS" value="" />
    <option name="SOFT_WRAP_FILE_MASKS" value="*.md; *.txt; *.rst; *.adoc" />
    <option name="IS_WHITESPACES_SHOWN" value="true" />
    <option name="IS_LEADING_WHITESPACES_SHOWN" value="false" />
    <option name="IS_INNER_WHITESPACES_SHOWN" value="false" />
    <option name="IS_WHEEL_FONTCHANGE_ENABLED" value="true" />
  </component>
  <component name="SqlCodeCompletionSettings" AUTO_ALIAS_TABLE="true" INVERT_ON_ORDER="true">
    <option name="autoAliasTable" value="true" />
    <option name="invertOrderInOnClause" value="true" />
  </component>
  <component name="TodoConfiguration">
    <pattern pattern="\btodo\b.*" />
    <pattern pattern="\bfixme\b.*" />
    <pattern icon="important" useCustomColors="true" pattern="\btip\b.*">
      <option name="FOREGROUND" value="4b9649" />
      <option name="FONT_TYPE" value="1" />
      <option name="EFFECT_COLOR" value="3c3f41" />
      <option name="EFFECT_TYPE" value="1" />
    </pattern>
  </component>
</application>