<application>
  <component name="TextDiffSettings">
    <option name="PLACES_MAP">
      <entry key="CommitDialog">
        <PlaceSettings>
          <option name="EXPAND_BY_DEFAULT" value="false" />
          <option name="HIGHLIGHT_POLICY" value="BY_WORD_SPLIT" />
        </PlaceSettings>
      </entry>
      <entry key="Default">
        <PlaceSettings>
          <option name="HIGHLIGHT_POLICY" value="BY_WORD_SPLIT" />
        </PlaceSettings>
      </entry>
    </option>
  </component>
</application>