<application>
  <component name="CodeInsightSettings">
    <option name="COMPLETION_CASE_SENSITIVE" value="2" />
    <option name="REFORMAT_ON_PASTE" value="1" />
    <option name="INDENT_TO_CARET_ON_PASTE" value="true" />
  </component>
  <component name="DaemonCodeAnalyzerSettings" profile="GitHub__Ycw__IdeaSetting_Inspect" />
  <component name="EditorSettings">
    <option name="SOFT_WRAP_FILE_MASKS" value="*.md; *.txt; *.rst; *.adoc" />
    <option name="IS_WHEEL_FONTCHANGE_ENABLED" value="true" />
  </component>
  <component name="TodoConfiguration">
    <pattern pattern="\btodo\b.*" />
    <pattern pattern="\bfixme\b.*" />
    <pattern icon="important" useCustomColors="true" pattern="\btip\b.*">
      <option name="FOREGROUND" value="4b9649" />
      <option name="FONT_TYPE" value="1" />
      <option name="EFFECT_COLOR" value="3c3f41" />
      <option name="EFFECT_TYPE" value="1" />
    </pattern>
    <pattern useCustomColors="true" pattern="\bwarn\b.*">
      <option name="FOREGROUND" value="d72c14" />
      <option name="BACKGROUND" value="41110c" />
      <option name="FONT_TYPE" value="1" />
      <option name="EFFECT_COLOR" value="3c3f41" />
    </pattern>
    <pattern icon="question" pattern="\bwhy\b.*" />
    <filter name="确实存在问题">
      <pattern index="1" />
      <pattern index="0" />
      <pattern index="4" />
    </filter>
    <filter name="文本修饰作用">
      <pattern index="2" />
      <pattern index="3" />
    </filter>
  </component>
</application>