<application>
  <component name="TipsStore">
    <option name="globalFirstStartUp" value="false" />
    <entry projectName="D:/Program_Files/JetBrains_ToolBox/projects/InteliJ_IDEA/mingdeo" firstStartUp="false" />
    <entry projectName="D:/Program_Files/JetBrains_ToolBox/projects/InteliJ_IDEA/netty-rest-server" firstStartUp="false" />
    <entry projectName="D:/Program_Files/JetBrains_ToolBox/projects/InteliJ_IDEA/student-admin" firstStartUp="false" />
    <entry projectName="D:/Program_Files/JetBrains_ToolBox/projects/InteliJ_IDEA/wallet" firstStartUp="false" />
    <entry projectName="D:/Program_Files/JetBrains_ToolBox/projects/InteliJ_IDEA/wallet-admin" firstStartUp="false" />
    <entry projectName="D:/Program_Files/JetBrains_ToolBox/projects/InteliJ_IDEA/wallet/wallet-admin" firstStartUp="false" />
  </component>
</application>