<application>
  <component name="GeneralSettings">
    <option name="autoSaveIfInactive" value="true" />
    <option name="confirmOpenNewProject2" value="0" />
    <option name="inactiveTimeout" value="10" />
    <option name="showTipsOnStartup" value="false" />
  </component>
  <component name="Registry">
    <entry key="search.everywhere.settings" value="true" />
    <entry key="ide.mac.allowDarkWindowDecorations" value="true" />
    <entry key="bigger.font.in.project.view" value="true" />
    <entry key="completion.stats.show.ml.ranking.diff" value="true" />
    <entry key="compiler.automake.allow.when.app.running" value="true" />
    <entry key="ide.usages.page.size" value="99999" />
    <entry key="debugger.watches.in.variables" value="false" />
  </component>
</application>