<keymap version="1" name="GitHub__Ycw__IdeaSetting_KeyMap" parent="$default">
  <action id="ActivateFavoritesToolWindow" />
  <action id="ActivateStructureToolWindow">
    <keyboard-shortcut first-keystroke="alt 2" />
  </action>
  <action id="Arrangement.Alias.Rule.Edit" />
  <action id="Arrangement.Rule.Edit" />
  <action id="CloseContent">
    <keyboard-shortcut first-keystroke="ctrl f4" />
    <keyboard-shortcut first-keystroke="alt w" />
  </action>
  <action id="ContextHelp" />
  <action id="EditSource" />
  <action id="EditorPasteSimple" />
  <action id="ExternalJavaDoc">
    <keyboard-shortcut first-keystroke="shift f1" />
    <keyboard-shortcut first-keystroke="ctrl f1" />
  </action>
  <action id="FileStructurePopup" />
  <action id="FindNext">
    <keyboard-shortcut first-keystroke="ctrl l" />
  </action>
  <action id="Git.Reword.Commit">
    <keyboard-shortcut first-keystroke="shift f6" />
  </action>
  <action id="GotoNextError">
    <keyboard-shortcut first-keystroke="shift f2" />
  </action>
  <action id="GotoPreviousError" />
  <action id="InsertLiveTemplate">
    <keyboard-shortcut first-keystroke="ctrl j" />
    <keyboard-shortcut first-keystroke="ctrl t" />
  </action>
  <action id="Javascript.Linters.EsLint.Fix">
    <keyboard-shortcut first-keystroke="alt f" />
  </action>
  <action id="JumpToLastWindow" />
  <action id="NextDiff">
    <keyboard-shortcut first-keystroke="f8" />
  </action>
  <action id="PinActiveTabToggle">
    <keyboard-shortcut first-keystroke="shift alt p" />
  </action>
  <action id="PreviousDiff">
    <keyboard-shortcut first-keystroke="f7" />
  </action>
  <action id="Refactorings.QuickListPopupAction" />
  <action id="RevealIn">
    <keyboard-shortcut first-keystroke="f4" />
  </action>
  <action id="ShelvedChanges.Rename">
    <keyboard-shortcut first-keystroke="shift f6" />
  </action>
  <action id="ShowErrorDescription" />
  <action id="SplitHorizontally">
    <keyboard-shortcut first-keystroke="f2" />
  </action>
  <action id="SplitVertically">
    <keyboard-shortcut first-keystroke="f1" />
  </action>
  <action id="StringManipulation.Group.Main">
    <keyboard-shortcut first-keystroke="shift ctrl m" />
  </action>
  <action id="TogglePresentationMode">
    <keyboard-shortcut first-keystroke="shift ctrl alt f12" />
  </action>
  <action id="Tool_External Tools_Typora编辑">
    <keyboard-shortcut first-keystroke="shift ctrl alt t" />
  </action>
  <action id="Tool_External Tools_VSCode打开目录">
    <keyboard-shortcut first-keystroke="shift ctrl alt v" />
  </action>
  <action id="Tool_External Tools_VSCode编辑">
    <keyboard-shortcut first-keystroke="shift ctrl alt t" />
  </action>
  <action id="Vcs.Show.Local.Changes">
    <keyboard-shortcut first-keystroke="shift ctrl alt k" />
  </action>
  <action id="Vcs.UpdateProject" />
  <action id="XDebugger.EditWatch" />
  <action id="XDebugger.SetValue" />
  <action id="osmedile.intellij.stringmanip.PopupChoiceAction">
    <keyboard-shortcut first-keystroke="alt m" />
  </action>
</keymap>