<application>
  <component name="FileTypeManager" version="18">
    <extensionMap>
      <mapping pattern="feature_split_1" type="AUTO_DETECTED" />
      <mapping pattern="part_bg_1" type="AUTO_DETECTED" />
      <mapping pattern="123" type="AUTO_DETECTED" />
      <mapping pattern="CustomStaticRules" type="AUTO_DETECTED" />
      <mapping pattern=".env.test" type="PLAIN_TEXT" />
      <mapping pattern="存放着以前的【赛车手H5】和【CocosH5打包】" type="PLAIN_TEXT" />
      <mapping pattern=".girignore" type="PLAIN_TEXT" />
      <mapping pattern="test" type="PLAIN_TEXT" />
      <mapping pattern="存放的是，在VueTS化之前的一些预置文件（基本无用）" type="PLAIN_TEXT" />
      <mapping pattern=".gitkeep" type="PLAIN_TEXT" />
      <mapping pattern="1" type="PLAIN_TEXT" />
      <mapping pattern=".env.alpha" type="PLAIN_TEXT" />
      <mapping pattern="apple-app-site-association" type="PLAIN_TEXT" />
      <mapping pattern=".gitnore" type="PLAIN_TEXT" />
      <mapping pattern=".lessrc" type="PLAIN_TEXT" />
      <mapping pattern="已迁移至custom_svg-icons文件夹下" type="PLAIN_TEXT" />
      <mapping pattern="这个文件夹，放置的纯正源码，不通过Deploy上传到服务器。" type="PLAIN_TEXT" />
      <mapping pattern="注意，这一块的文件，为了通用性，使用js语言比较好" type="PLAIN_TEXT" />
      <mapping pattern="test2" type="PLAIN_TEXT" />
      <mapping ext="bak" type="PLAIN_TEXT" />
      <mapping ext="reg" type="PLAIN_TEXT" />
      <mapping ext="ttf" type="PLAIN_TEXT" />
      <mapping ext="wasm" type="PLAIN_TEXT" />
      <mapping ext="fire" type="PLAIN_TEXT" />
      <mapping ext="node" type="PLAIN_TEXT" />
      <mapping ext="map" type="PLAIN_TEXT" />
      <mapping ext="xmind" type="PLAIN_TEXT" />
      <mapping ext="eot" type="PLAIN_TEXT" />
      <mapping ext="stackdump" type="PLAIN_TEXT" />
      <removed_mapping ext="bat" approved="true" type="PLAIN_TEXT" />
      <removed_mapping ext="cmd" approved="true" type="PLAIN_TEXT" />
      <removed_mapping ext="dockerfile" approved="true" type="textmate" />
      <removed_mapping ext="log" approved="true" type="PLAIN_TEXT" />
      <removed_mapping ext="makefile" approved="true" type="textmate" />
      <removed_mapping ext="markdown" approved="true" type="Native" />
      <removed_mapping ext="md" approved="true" type="Native" />
      <removed_mapping ext="snakefile" approved="true" type="textmate" />
      <removed_mapping ext="vue" approved="true" type="TypeScript" />
    </extensionMap>
  </component>
</application>