<application>
  <component name="ActionMacroManager">
    <macro name="test-macro">
      <typing text-keycode="70:0;65:0;83:0;68:0">fasd</typing>
      <action id="EditorBackSpace" />
      <action id="EditorBackSpace" />
      <action id="EditorBackSpace" />
      <action id="EditorBackSpace" />
      <typing text-keycode="84:0;72:0;73:0;83:0;46:0">this.</typing>
      <action id="EditorBackSpace" />
      <action id="EditorBackSpace" />
      <action id="EditorBackSpace" />
      <action id="EditorBackSpace" />
      <action id="EditorBackSpace" />
      <typing text-keycode="84:0;72:0;73:0;83:0;46:0;49:0">this.1</typing>
      <action id="EditorBackSpace" />
      <typing text-keycode="65:0">a</typing>
      <action id="EditorBackSpace" />
      <action id="EditorChooseLookupItem" />
      <action id="HippieCompletion" />
      <action id="HippieCompletion" />
      <action id="HippieCompletion" />
      <action id="HippieCompletion" />
      <action id="EditorBackSpace" />
      <action id="EditorBackSpace" />
      <action id="EditorBackSpace" />
      <action id="EditorBackSpace" />
      <action id="EditorBackSpace" />
      <action id="EditorBackSpace" />
      <action id="EditorBackSpace" />
      <action id="EditorBackSpace" />
      <action id="EditorBackSpace" />
      <action id="EditorBackSpace" />
      <action id="EditorBackSpace" />
      <action id="EditorBackSpace" />
      <action id="EditorBackSpace" />
      <action id="EditorBackSpace" />
      <action id="EditorBackSpace" />
      <action id="EditorBackSpace" />
      <action id="EditorBackSpace" />
      <action id="EditorBackSpace" />
      <action id="EditorBackSpace" />
      <action id="EditorBackSpace" />
      <action id="EditorBackSpace" />
      <action id="EditorBackSpace" />
      <action id="EditorBackSpace" />
      <action id="EditorBackSpace" />
      <action id="EditorBackSpace" />
      <action id="EditorBackSpace" />
      <action id="EditorBackSpace" />
      <action id="EditorBackSpace" />
      <action id="EditorBackSpace" />
      <action id="HippieCompletion" />
      <action id="HippieCompletion" />
      <action id="HippieCompletion" />
      <action id="HippieCompletion" />
      <action id="EditorBackSpace" />
      <action id="EditorBackSpace" />
      <action id="EditorBackSpace" />
      <action id="EditorBackSpace" />
      <action id="HippieCompletion" />
      <action id="HippieCompletion" />
      <action id="HippieCompletion" />
      <action id="HippieCompletion" />
      <action id="HippieCompletion" />
      <action id="HippieCompletion" />
      <typing text-keycode="46:0;70:0">.f</typing>
      <action id="EditorBackSpace" />
      <action id="EditorEnter" />
      <typing text-keycode="65:0;83:0;68:0;65:0;83:0;68:0">asdasd</typing>
      <action id="EditorLeft" />
      <action id="EditorLeft" />
      <action id="EditorEnter" />
      <action id="EditorUp" />
      <typing text-keycode="65:0;83:0;68:0;83:0;65:0;68:0">asdsad</typing>
    </macro>
    <macro name="test-create-typescript">
      <action id="NewTypeScriptFile" />
      <typing text-keycode="83:0;65:0;68:0;65:0;83:0;68:0">sadasd</typing>
      <shortuct text="ENTER" />
      <shortuct text="ENTER" />
      <typing text-keycode="83:0;65:0;76:0;68:0;74:0;76:0;65:0;83:0;74:0;68:0;49:0;79:0;49:0;73:0;85:0;83:0;65:0;76:0;68:0;74:0;65:0;83:0;70:0;74:0">saldjlasjd1o1iusaldjasfj</typing>
      <action id="EditorEnter" />
    </macro>
  </component>
</application>