<application>
  <component name="GitRememberedInputs">
    <option name="visitedUrls">
      <list>
        <UrlAndUserName>
          <option name="url" value="git@120.79.176.72:zhou/admin.git" />
          <option name="userName" value="" />
        </UrlAndUserName>
        <UrlAndUserName>
          <option name="url" value="git@120.79.176.72:zhou/exchange.git" />
          <option name="userName" value="" />
        </UrlAndUserName>
        <UrlAndUserName>
          <option name="url" value="http://git.bg.ink" />
          <option name="userName" value="hanshou101" />
        </UrlAndUserName>
        <UrlAndUserName>
          <option name="url" value="http://47.75.52.43" />
          <option name="userName" value="hanshou101" />
        </UrlAndUserName>
        <UrlAndUserName>
          <option name="url" value="http://47.75.146.108" />
          <option name="userName" value="hanshou101" />
        </UrlAndUserName>
        <UrlAndUserName>
          <option name="url" value="git@github.com:hanshou101/Life-Thought-Experience____memorial.git" />
          <option name="userName" value="" />
        </UrlAndUserName>
        <UrlAndUserName>
          <option name="url" value="http://gitee.com" />
          <option name="userName" value="1273813300@qq.com" />
        </UrlAndUserName>
        <UrlAndUserName>
          <option name="url" value="http://116.85.12.42:8099" />
          <option name="userName" value="hanshou101" />
        </UrlAndUserName>
        <UrlAndUserName>
          <option name="url" value="http://gitlab.bg.ink" />
          <option name="userName" value="hanshou101" />
        </UrlAndUserName>
      </list>
    </option>
    <option name="cloneParentDir" value="D:\Program_Files\JetBrains_ToolBox\projects\WebStorm" />
  </component>
  <component name="Vcs.Log.App.Settings">
    <option name="SHOW_CHANGES_FROM_PARENTS" value="true" />
    <option name="COLUMN_ID_ORDER">
      <list>
        <option value="Default.Root" />
        <option value="Default.Subject" />
        <option value="Default.Date" />
        <option value="Default.Hash" />
      </list>
    </option>
  </component>
  <component name="VcsEditorTab.Settings">
    <option name="openInNewWindow" value="true" />
  </component>
</application>