<application>
  <component name="LogHighlightingSettings">
    <parsingPatterns>
      <LogParsingPattern enabled="false" name="Pipe-separated" pattern="^(?s)([^|]*)\|([^|]*)\|([^|]*)\|(.*)$" timePattern="HH:mm:ss.SSS" linePattern="^\d" timeId="0" severityId="1" categoryId="2" />
      <LogParsingPattern enabled="false" name="IntelliJ IDEA" pattern="^([^\[]+)(\[[\s\d]+])\s*(\w*)\s*-\s*(\S*)\s*-(.+)$" timePattern="yyyy-MM-dd HH:mm:ss,SSS" linePattern="^\d" timeId="0" severityId="2" categoryId="3" />
      <LogParsingPattern enabled="false" name="TeamCity build log" pattern="^\[([^]]+)](.):\s*(\[[^]]+])?(.*)$" timePattern="HH:mm:ss" linePattern="^\[" timeId="0" severityId="1" categoryId="2" />
      <LogParsingPattern enabled="false" name="应该没错啊 My Slf4j log" pattern="^(\d{4}-\d{2}-\d{2})\s(\d{2}:\d{2}:\d{2}\.\d{3})(.+)---(\s\[.+\]).+$" timePattern="yyyy-MM-dd HH:mm:ss.SSS" linePattern="^\d" timeId="0" severityId="1" categoryId="2" />
      <LogParsingPattern enabled="false" name="网上得到的" pattern="^([^\[]+)\s*(\[.*])\s*([A-Z]+)\s*\s*(\S*)\s*-(.+)$" timePattern="HH:mm:ss.SSS" linePattern="^\d" timeId="0" severityId="2" categoryId="3" />
    </parsingPatterns>
    <highlightingPatterns>
      <LogHighlightingPattern pattern="^\s*e(rror)?\s*$" action="HIGHLIGHT_LINE" fg="-65536" bold="true" stripe="true" />
      <LogHighlightingPattern pattern="^\s*w(arn(ing)?)?\s*$" action="HIGHLIGHT_LINE" fg="-22016" bold="true" />
      <LogHighlightingPattern pattern="^\s*i(nfo)?\s*$" action="HIGHLIGHT_LINE" fg="-12599489" />
      <LogHighlightingPattern pattern="这个正则应该没问题呀^(\d{4}-\d{2}-\d{2})\s(\d{2}:\d{2}:\d{2}\.\d{3})" fg="-34165" />
      <LogHighlightingPattern pattern="(\s(e)\s)|(error)" fg="-10027021" bg="-15902202" stripe="true" />
      <LogHighlightingPattern pattern="\s(w(arn(ing)?)?)\s" fg="-4028857" stripe="true" />
    </highlightingPatterns>
    <Patterns>
      <list>
        <LogHighlightingPattern pattern="^\s*e(rror)?\s*$" action="HIGHLIGHT_LINE" fg="-65536" bold="true" stripe="true" />
        <LogHighlightingPattern pattern="^\s*w(arn(ing)?)?\s*$" action="HIGHLIGHT_LINE" fg="-22016" bold="true" />
        <LogHighlightingPattern pattern="^\s*i(nfo)?\s*$" action="HIGHLIGHT_LINE" fg="-12599489" />
        <LogHighlightingPattern pattern="这个正则应该没问题呀^(\d{4}-\d{2}-\d{2})\s(\d{2}:\d{2}:\d{2}\.\d{3})" fg="-34165" />
        <LogHighlightingPattern pattern="(\s(e)\s)|(error)" fg="-10027021" bg="-15902202" stripe="true" />
        <LogHighlightingPattern pattern="\s(w(arn(ing)?)?)\s" fg="-4028857" stripe="true" />
      </list>
    </Patterns>
    <parsing>
      <list>
        <LogParsingPattern enabled="false" name="Pipe-separated" pattern="^(?s)([^|]*)\|([^|]*)\|([^|]*)\|(.*)$" timePattern="HH:mm:ss.SSS" linePattern="^\d" timeId="0" severityId="1" categoryId="2" />
        <LogParsingPattern enabled="false" name="IntelliJ IDEA" pattern="^([^\[]+)(\[[\s\d]+])\s*(\w*)\s*-\s*(\S*)\s*-(.+)$" timePattern="yyyy-MM-dd HH:mm:ss,SSS" linePattern="^\d" timeId="0" severityId="2" categoryId="3" />
        <LogParsingPattern enabled="false" name="TeamCity build log" pattern="^\[([^]]+)](.):\s*(\[[^]]+])?(.*)$" timePattern="HH:mm:ss" linePattern="^\[" timeId="0" severityId="1" categoryId="2" />
        <LogParsingPattern enabled="false" name="应该没错啊 My Slf4j log" pattern="^(\d{4}-\d{2}-\d{2})\s(\d{2}:\d{2}:\d{2}\.\d{3})(.+)---(\s\[.+\]).+$" timePattern="yyyy-MM-dd HH:mm:ss.SSS" linePattern="^\d" timeId="0" severityId="1" categoryId="2" />
        <LogParsingPattern enabled="false" name="网上得到的" pattern="^([^\[]+)\s*(\[.*])\s*([A-Z]+)\s*\s*(\S*)\s*-(.+)$" timePattern="HH:mm:ss.SSS" linePattern="^\d" timeId="0" severityId="2" categoryId="3" />
      </list>
    </parsing>
    <settingsVersion>4</settingsVersion>
    <lastAddedDefaultFormat>3</lastAddedDefaultFormat>
  </component>
</application>