<application>
  <component name="UISettings">
    <option name="EDITOR_TAB_LIMIT" value="100" />
    <option name="MAX_LOOKUP_LIST_HEIGHT" value="5" />
    <option name="MAX_LOOKUP_WIDTH2" value="959" />
    <option name="OVERRIDE_NONIDEA_LAF_FONTS" value="true" />
    <option name="SCROLL_TAB_LAYOUT_IN_EDITOR" value="false" />
    <option name="SHOW_MAIN_TOOLBAR" value="true" />
    <option name="SHOW_MEMORY_INDICATOR" value="true" />
    <option name="SORT_BOOKMARKS" value="true" />
    <option name="SORT_LOOKUP_ELEMENTS_LEXICOGRAPHICALLY" value="true" />
    <option name="USE_SMALL_LABELS_ON_TABS" value="true" />
  </component>
</application>