<application>
  <component name="CodeInsightSettings">
    <option name="completionCaseSensitive" value="2" />
    <option name="PARAMETER_INFO_DELAY" value="200" />
    <option name="AUTO_POPUP_JAVADOC_INFO" value="true" />
    <option name="JAVADOC_INFO_DELAY" value="200" />
    <option name="COMPLETION_CASE_SENSITIVE" value="2" />
    <option name="SHOW_FULL_SIGNATURES_IN_PARAMETER_INFO" value="true" />
    <option name="OPTIMIZE_IMPORTS_ON_THE_FLY" value="true" />
    <EXCLUDED_PACKAGE NAME="kotlinx.android.synthetic.main" />
    <EXCLUDED_PACKAGE NAME="kotlinx.android.synthetic.main" />
  </component>
  <component name="DaemonCodeAnalyzerSettings" profile="GitHub__Ycw__IdeaSetting_Inspections" />
  <component name="DefaultFont">
    <option name="FONT_SIZE" value="18" />
  </component>
  <component name="EditorSettings">
    <option name="USE_SOFT_WRAPS" value="CONSOLE" />
    <option name="SOFT_WRAP_FILE_MASKS" value="*.md; *.txt; *.rst; *.adoc" />
    <option name="STRIP_TRAILING_SPACES" value="Whole" />
    <option name="IS_ENSURE_NEWLINE_AT_EOF" value="true" />
    <option name="IS_WHEEL_FONTCHANGE_ENABLED" value="true" />
  </component>
  <component name="InlayHintsSettings">
    <settingsMapElement>
      <TypeScript.ts.chain.hints>
        <Settings>
          <option name="uniqueTypeCount" value="4" />
        </Settings>
      </TypeScript.ts.chain.hints>
      <JavaScript.js.chain.hints>
        <Settings>
          <option name="uniqueTypeCount" value="4" />
        </Settings>
      </JavaScript.js.chain.hints>
    </settingsMapElement>
  </component>
  <component name="TodoConfiguration">
    <pattern pattern="\btodo\b.*" />
    <pattern pattern="\bfixme\b.*" />
    <pattern icon="important" useCustomColors="true" pattern="\btip\b.*">
      <option name="FOREGROUND" value="4b9649" />
      <option name="FONT_TYPE" value="1" />
      <option name="EFFECT_COLOR" value="3c3f41" />
      <option name="EFFECT_TYPE" value="1" />
    </pattern>
    <pattern useCustomColors="true" pattern="\bwarn\b.*">
      <option name="FOREGROUND" value="d72c14" />
      <option name="BACKGROUND" value="41110c" />
      <option name="FONT_TYPE" value="1" />
      <option name="EFFECT_COLOR" value="3c3f41" />
    </pattern>
    <pattern icon="question" pattern="\bwhy\b.*" />
    <filter name="确实存在问题">
      <pattern index="1" />
      <pattern index="0" />
      <pattern index="4" />
    </filter>
    <filter name="文本修饰作用">
      <pattern index="3" />
      <pattern index="2" />
    </filter>
  </component>
  <component name="XmlEditorOptions">
    <option name="showCssInlineColorPreview" value="true" />
  </component>
</application>