<application>
  <component name="ExportableFileTemplateSettings">
    <default_templates>
      <template name="AntDesignPro菜单模板.tsx" file-name="index" reformat="true" live-template-enabled="false">
        <template name="AntDesignPro菜单模板.tsx.child.0.tsx" file-name="index2" reformat="true" live-template-enabled="false" />
        <template name="AntDesignPro菜单模板.tsx.child.1.ts" file-name="_mock" reformat="true" live-template-enabled="false" />
        <template name="AntDesignPro菜单模板.tsx.child.2.ts" file-name="model" reformat="true" live-template-enabled="false" />
        <template name="AntDesignPro菜单模板.tsx.child.3༏ext༏.d.ts" file-name="data" reformat="true" live-template-enabled="false" />
        <template name="AntDesignPro菜单模板.tsx.child.4.ts" file-name="service" reformat="true" live-template-enabled="false" />
        <template name="AntDesignPro菜单模板.tsx.child.5.less" file-name="style" reformat="true" live-template-enabled="false" />
      </template>
      <template name="AntDesignPro菜单模板.tsx.child.0.tsx" file-name="index2" reformat="true" live-template-enabled="false" />
      <template name="AntDesignPro菜单模板.tsx.child.1.ts" file-name="_mock" reformat="true" live-template-enabled="false" />
      <template name="AntDesignPro菜单模板.tsx.child.2.ts" file-name="model" reformat="true" live-template-enabled="false" />
      <template name="AntDesignPro菜单模板.tsx.child.3༏ext༏.d.ts" file-name="data" reformat="true" live-template-enabled="false" />
      <template name="AntDesignPro菜单模板.tsx.child.4.ts" file-name="service" reformat="true" live-template-enabled="false" />
      <template name="AntDesignPro菜单模板.tsx.child.5.less" file-name="style" reformat="true" live-template-enabled="false" />
    </default_templates>
  </component>
</application>