<application>
  <component name="GeneralSettings">
    <option name="confirmExit" value="false" />
    <option name="confirmOpenNewProject2" value="0" />
    <option name="processCloseConfirmation" value="TERMINATE" />
    <option name="reopenLastProject" value="false" />
    <option name="showTipsOnStartup" value="false" />
    <option name="useDefaultBrowser" value="false" />
    <option name="useSafeWrite" value="false" />
  </component>
  <component name="Registry">
    <entry key="mac.editor.thumb.default.alpha.base" value="0" />
    <entry key="mac.editor.thumb.default.alpha.delta" value="102" />
    <entry key="mac.editor.thumb.darcula.alpha.base" value="0" />
    <entry key="mac.editor.thumb.darcula.alpha.delta" value="102" />
    <entry key="mac.editor.thumb.default.fill.min" value="102" />
    <entry key="mac.editor.thumb.default.fill.max" value="150" />
    <entry key="mac.editor.thumb.darcula.fill.min" value="102" />
    <entry key="mac.editor.thumb.darcula.fill.max" value="163" />
    <entry key="win.editor.thumb.default.alpha.base" value="0" />
    <entry key="win.editor.thumb.default.alpha.delta" value="102" />
    <entry key="win.editor.thumb.darcula.alpha.base" value="0" />
    <entry key="win.editor.thumb.darcula.alpha.delta" value="102" />
    <entry key="win.editor.thumb.default.fill.min" value="102" />
    <entry key="win.editor.thumb.default.fill.max" value="150" />
    <entry key="win.editor.thumb.darcula.fill.min" value="102" />
    <entry key="ide.balloon.shadow.size" value="0" />
    <entry key="ide.tooltip.initialDelay" value="270" />
    <entry key="documentation.show.toolbar" value="true" />
  </component>
  <component name="StatusBar">
    <option name="widgets">
      <map>
        <entry key="Memory" value="true" />
      </map>
    </option>
  </component>
</application>