<keymap version="1" name="GitHub__Ycw__IdeaSetting_KeyMap" parent="$default">
  <action id="ContextHelp" />
  <action id="FindNext">
    <keyboard-shortcut first-keystroke="ctrl l" />
    <keyboard-shortcut first-keystroke="shift f3" />
  </action>
  <action id="FindPrevious">
    <keyboard-shortcut first-keystroke="shift ctrl l" />
  </action>
  <action id="GotoNextError">
    <keyboard-shortcut first-keystroke="shift f2" />
  </action>
  <action id="GotoPreviousError" />
  <action id="NextDiff">
    <keyboard-shortcut first-keystroke="f8" />
  </action>
  <action id="PreviousDiff">
    <keyboard-shortcut first-keystroke="f7" />
  </action>
  <action id="RecentChanges">
    <keyboard-shortcut first-keystroke="shift alt c" />
    <keyboard-shortcut first-keystroke="alt h" />
  </action>
  <action id="RevealIn">
    <keyboard-shortcut first-keystroke="f4" />
  </action>
  <action id="SplitHorizontally">
    <keyboard-shortcut first-keystroke="f2" />
  </action>
  <action id="SplitVertically">
    <keyboard-shortcut first-keystroke="f1" />
  </action>
</keymap>