<application>
  <component name="ProjectJdkTable">
    <jdk version="2">
      <name value="Python 2.7 (background-removal-server)" />
      <type value="Python SDK" />
      <version value="Python 2.7.15" />
      <homePath value="D:\Program_Files\JetBrains_ToolBox\projects\Pycharm\background-removal-server\venv\Scripts\python.exe" />
      <roots>
        <classPath>
          <root type="composite">
            <root url="file://D:/Program_Files/JetBrains_ToolBox/projects/Pycharm/background-removal-server/venv/Lib" type="simple" />
            <root url="file://D:/Program_Files/JetBrains_ToolBox/projects/Pycharm/background-removal-server/venv/Scripts" type="simple" />
            <root url="file://D:/Program_Files/Python27/Lib" type="simple" />
            <root url="file://D:/Program_Files/Python27/DLLs" type="simple" />
            <root url="file://D:/Program_Files/Python27/Lib/lib-tk" type="simple" />
            <root url="file://D:/Program_Files/JetBrains_ToolBox/projects/Pycharm/background-removal-server/venv" type="simple" />
            <root url="file://D:/Program_Files/JetBrains_ToolBox/projects/Pycharm/background-removal-server/venv/Lib/site-packages" type="simple" />
            <root url="jar://D:/Program_Files/JetBrains_ToolBox/projects/Pycharm/background-removal-server/venv/Lib/site-packages/setuptools-40.8.0-py2.7.egg!/" type="simple" />
            <root url="file://D:/Program_Files/JetBrains_ToolBox/projects/Pycharm/background-removal-server/venv/Lib/site-packages/pip-19.0.3-py2.7.egg" type="simple" />
            <root url="file://$USER_HOME$/.PyCharm2019.3/system/python_stubs/1914320590" type="simple" />
            <root url="file://$APPLICATION_HOME_DIR$/plugins/python/helpers/python-skeletons" type="simple" />
            <root url="file://$APPLICATION_HOME_DIR$/plugins/python/helpers/typeshed/stdlib/2" type="simple" />
            <root url="file://$APPLICATION_HOME_DIR$/plugins/python/helpers/typeshed/stdlib/2and3" type="simple" />
            <root url="file://$APPLICATION_HOME_DIR$/plugins/python/helpers/typeshed/third_party/2" type="simple" />
            <root url="file://$APPLICATION_HOME_DIR$/plugins/python/helpers/typeshed/third_party/2and3" type="simple" />
          </root>
        </classPath>
        <sourcePath>
          <root type="composite" />
        </sourcePath>
      </roots>
      <additional ASSOCIATED_PROJECT_PATH="D:/Program_Files/JetBrains_ToolBox/projects/Pycharm/background-removal-server" />
    </jdk>
    <jdk version="2">
      <name value="Python 2.7 (HackerPython)" />
      <type value="Python SDK" />
      <version value="Python 2.7.15" />
      <homePath value="D:\Program_Files\JetBrains_ToolBox\projects\Pycharm\HackerPython\venv\Scripts\python.exe" />
      <roots>
        <classPath>
          <root type="composite">
            <root url="file://D:/Program_Files/JetBrains_ToolBox/projects/Pycharm/HackerPython/venv/Lib" type="simple" />
            <root url="file://D:/Program_Files/JetBrains_ToolBox/projects/Pycharm/HackerPython/venv/Scripts" type="simple" />
            <root url="file://D:/Program_Files/Python27/Lib" type="simple" />
            <root url="file://D:/Program_Files/Python27/DLLs" type="simple" />
            <root url="file://D:/Program_Files/Python27/Lib/lib-tk" type="simple" />
            <root url="file://D:/Program_Files/JetBrains_ToolBox/projects/Pycharm/HackerPython/venv" type="simple" />
            <root url="file://D:/Program_Files/JetBrains_ToolBox/projects/Pycharm/HackerPython/venv/Lib/site-packages" type="simple" />
            <root url="file://$USER_HOME$/.PyCharm2019.3/system/python_stubs/1653523679" type="simple" />
            <root url="file://$APPLICATION_HOME_DIR$/plugins/python/helpers/python-skeletons" type="simple" />
            <root url="file://$APPLICATION_HOME_DIR$/plugins/python/helpers/typeshed/stdlib/2" type="simple" />
            <root url="file://$APPLICATION_HOME_DIR$/plugins/python/helpers/typeshed/stdlib/2and3" type="simple" />
            <root url="file://$APPLICATION_HOME_DIR$/plugins/python/helpers/typeshed/third_party/2" type="simple" />
            <root url="file://$APPLICATION_HOME_DIR$/plugins/python/helpers/typeshed/third_party/2and3" type="simple" />
          </root>
        </classPath>
        <sourcePath>
          <root type="composite" />
        </sourcePath>
      </roots>
      <additional ASSOCIATED_PROJECT_PATH="D:/Program_Files/JetBrains_ToolBox/projects/Pycharm/HackerPython" />
    </jdk>
  </component>
</application>