<keymap version="1" name="GitHub__Ycw__IdeaSetting_Default copy" parent="$default">
  <action id="ActivateAndroidMonitorToolWindow">
    <keyboard-shortcut first-keystroke="alt 6" />
  </action>
  <action id="ActivateTODOToolWindow" />
  <action id="Arrangement.Rule.Edit" />
  <action id="Console.TableResult.EditValue">
    <keyboard-shortcut first-keystroke="enter" />
    <keyboard-shortcut first-keystroke="alt enter" />
  </action>
  <action id="ContextHelp">
    <keyboard-shortcut first-keystroke="ctrl f1" />
  </action>
  <action id="EditCustomVmOptions">
    <keyboard-shortcut first-keystroke="shift ctrl alt q" />
  </action>
  <action id="EditSource" />
  <action id="EditorCompleteStatement">
    <keyboard-shortcut first-keystroke="ctrl enter" />
  </action>
  <action id="EditorSplitLine" />
  <action id="Git.Reword.Commit">
    <keyboard-shortcut first-keystroke="shift f6" />
  </action>
  <action id="GotoNextError">
    <keyboard-shortcut first-keystroke="shift f2" />
  </action>
  <action id="GotoPreviousError" />
  <action id="GuiDesigner.EditComponent" />
  <action id="GuiDesigner.EditGroup" />
  <action id="InsertLiveTemplate" />
  <action id="Kotlin.NewFile">
    <keyboard-shortcut first-keystroke="shift ctrl alt add" />
  </action>
  <action id="NextDiff">
    <keyboard-shortcut first-keystroke="f8" />
  </action>
  <action id="PreviousDiff">
    <keyboard-shortcut first-keystroke="f7" />
  </action>
  <action id="RevealIn">
    <keyboard-shortcut first-keystroke="f4" />
  </action>
  <action id="ShelvedChanges.Rename">
    <keyboard-shortcut first-keystroke="shift f6" />
  </action>
  <action id="SplitHorizontally">
    <keyboard-shortcut first-keystroke="f2" />
  </action>
  <action id="SplitVertically">
    <keyboard-shortcut first-keystroke="f1" />
  </action>
  <action id="SwitchApply">
    <keyboard-shortcut first-keystroke="shift alt enter" />
  </action>
  <action id="SwitchDown">
    <keyboard-shortcut first-keystroke="shift alt down" />
  </action>
  <action id="SwitchLeft">
    <keyboard-shortcut first-keystroke="shift alt left" />
  </action>
  <action id="SwitchRight">
    <keyboard-shortcut first-keystroke="shift alt right" />
  </action>
  <action id="SwitchUp">
    <keyboard-shortcut first-keystroke="shift alt up" />
  </action>
  <action id="UpdateRunningApplication" />
  <action id="XDebugger.SetValue" />
  <action id="android.deploy.ApplyChanges">
    <keyboard-shortcut first-keystroke="ctrl f10" />
  </action>
  <action id="android.deploy.CodeSwap">
    <keyboard-shortcut first-keystroke="ctrl alt f10" />
  </action>
  <action id="template.create.One Key FragmentMvp modules Fragment">
    <keyboard-shortcut first-keystroke="shift ctrl alt multiply" />
  </action>
  <action id="template.create.One Key Key Key KeyMvp modules">
    <keyboard-shortcut first-keystroke="shift ctrl alt enter" />
  </action>
  <action id="template.create.One KeyMvp modules">
    <keyboard-shortcut first-keystroke="shift ctrl alt enter" />
  </action>
  <action id="wu.seal.wu.seal.jsontokotlin.GenerateKotlinFileAction">
    <keyboard-shortcut first-keystroke="ctrl j" />
  </action>
</keymap>